Название;Память;Цена
Смартфон Apple iPhone 15 Pro Max 256GB (природный титан);256;5582.72
Смартфон Apple iPhone 14 Pro 128GB (космический черный);128;3700.0
Смартфон Apple iPhone 15 128GB (черный);128;3287.0
Смартфон Apple iPhone 14 128GB (полуночный);128;2689.0
Смартфон Apple iPhone 13 128GB (темная ночь);128;2450.0
Смартфон Apple iPhone 15 Pro 128GB (природный титан);128;4530.0
Смартфон Apple iPhone 14 Pro Max 128GB (космический черный);128;4099.0
Смартфон Apple iPhone 13 Pro 128GB (графитовый);128;3150.0
Смартфон Apple iPhone 11 64GB (черный);64;1670.0
Смартфон Apple iPhone 12 64GB (черный);64;2100.0
Смартфон Apple iPhone 13 Pro Max 128GB (графитовый);128;3350.0
Смартфон Apple iPhone 13 mini 128GB (темная ночь);128;2499.0
Смартфон Apple iPhone 14 Plus 128GB (синий);128;2827.19
Смартфон Apple iPhone SE 2022 64GB (полночный);64;1450.0
Смартфон Apple iPhone 12 mini 64GB (черный);64;1830.0
Смартфон Apple iPhone SE 64GB (черный);64;1200.0
Смартфон Apple iPhone XR 64GB (черный);64;1650.0
Смартфон Apple iPhone 12 Pro 256GB (тихоокеанский синий);256;3250.0
Смартфон Apple iPhone 15 Plus 128GB (черный);128;3870.0
Смартфон Apple iPhone 11 Pro 64GB (серебристый);64;2750.0
Смартфон Apple iPhone 12 Pro Max Dual SIM 512GB (серебристый);512;4150.0
Смартфон Apple iPhone 11 Pro Max 256GB Восстановленный by Breezy, грейд B (серый космос);256;2299.0
Смартфон Apple iPhone 13 Dual SIM 128GB (темная ночь);128;2599.0
Смартфон Apple iPhone XS Max 256GB Восстановленный by Breezy, грейд B (золотистый);256;1349.0
Смартфон Apple iPhone XR 128GB Восстановленный by Breezy, грейд B (PRODUCT)RED;128;1099.0
Смартфон Apple iPhone 12 Pro 128GB Восстановленный by Breezy, грейд B (тихоокеанский синий);128;2299.0
Смартфон Apple iPhone 11 64GB Восстановленный by Breezy, грейд B (черный);64;1299.0
Смартфон Apple iPhone SE 2020 128GB Восстановленный by Breezy, грейд C (красный);128;899.0
Смартфон Apple iPhone 12 mini 64GB Восстановленный by Breezy, грейд C (зеленый);64;1499.0
Смартфон Apple iPhone SE 2022 64GB Восстановленный by Breezy, грейд B (полночный);64;799.0
